INSERT INTO patient (patient_id, first_name, last_name, birthdate, phone, email) VALUES
(1, 'Cloe', 'Broek', '1984-09-21', '667-359-8880', 'cbroek0@jigsy.com'),
(2, 'Miller', 'Nanelli', '2004-06-26', '295-548-7395', 'mnanelli1@reference.com'),
(3, 'Christos', 'Tulip', '2023-02-22', '275-563-1894', 'ctulip2@gov.uk'),
(4, 'Suzanna', 'Smullin', '2010-11-05', '513-543-8515', 'ssmullin3@mozilla.org'),
(5, 'Pearla', 'Rheaume', '1996-04-07', '752-445-1130', 'prheaume4@princeton.edu'),
(6, 'Jourdain', 'Kyteley', '1980-02-09', '348-740-4915', 'jkyteley5@phpbb.com'),
(7, 'Wenona', 'Leroux', '1980-05-01', '202-487-7260', 'wleroux6@foxnews.com'),
(8, 'Johny', 'Rastrick', '1976-05-03', '307-528-9842', 'jrastrick7@ucoz.ru'),
(9, 'Steve', 'Beig', '1982-11-30', '559-303-7552', 'sbeig8@over-blog.com'),
(10, 'Buddy', 'Della', '2012-05-20', '593-362-4401', 'bdella9@eventbrite.com'),
(11, 'Bessie', 'Quarterman', '2008-05-19', '787-226-7827', 'bquartermana@earthlink.net'),
(12, 'Shep', 'Lainge', '2006-05-24', '620-875-2816', 'slaingeb@cbc.ca'),
(13, 'Robinia', 'Vernau', '1986-04-18', '140-402-4950', 'rvernauc@mtv.com'),
(14, 'Darsey', 'Shortell', '2010-04-03', '358-463-0272', 'dshortelld@who.int'),
(15, 'Malchy', 'Jirsa', '2007-03-27', '557-583-0152', 'mjirsae@creativecommons.org'),
(16, 'Pat', 'Writtle', '1993-03-22', '294-775-1271', 'pwrittlef@posterous.com'),
(17, 'Gerty', 'Dysert', '1988-05-05', '436-567-1002', 'gdysertg@msu.edu'),
(18, 'Aurora', 'Kirton', '2019-01-06', '170-356-4704', 'akirtonh@google.ca'),
(19, 'Cindra', 'Skynner', '1993-08-20', '991-650-3782', 'cskynneri@bloglines.com'),
(20, 'Floria', 'Dunstone', '1975-11-10', '200-479-9836', 'fdunstonej@accuweather.com'),
(21, 'Fawn', 'Corwin', '1984-01-27', '446-766-9957', 'fcorwink@uol.com.br'),
(22, 'Stephine', 'Jedrzej', '2019-06-29', '882-909-9934', 'sjedrzejl@123-reg.co.uk'),
(23, 'Gerty', 'Blurton', '1998-08-29', '780-948-0740', 'gblurtonm@yellowpages.com'),
(24, 'Sella', 'Parman', '2003-10-16', '539-180-5224', 'sparmann@google.nl'),
(25, 'Hewett', 'Rittmeier', '1989-06-09', '603-442-0019', 'hrittmeiero@newyorker.com'),
(26, 'Jana', 'Jedrzejczyk', '1993-10-05', '522-867-3614', 'jjedrzejczykp@free.fr'),
(27, 'Pincus', 'McGeachie', '1998-12-25', '419-518-7912', 'pmcgeachieq@facebook.com'),
(28, 'Agata', 'Matteau', '2013-12-02', '608-827-1150', 'amatteaur@ezinearticles.com'),
(29, 'Loren', 'Geggus', '1992-06-08', '831-506-9773', 'lgegguss@jigsy.com'),
(30, 'Aridatha', 'Girardi', '1992-05-05', '540-530-7487', 'agirardit@springer.com');



INSERT INTO doctor (doctor_id, first_name, last_name, phone, email, specialization) VALUES
(1, 'Talia', 'Shrimpling', '707-163-1368', 'tshrimpling0@i2i.jp', 'Cardiology'),
(2, 'Rhys', 'Gitsham', '217-730-6145', 'rgitsham1@google.co.uk', 'Neurology'),
(3, 'Jackie', 'Cartan', '930-539-3160', 'jcartan2@opensource.org', 'Orthopedics'),
(4, 'Bernarr', 'Learmonth', '532-730-4167', 'blearmonth3@patch.com', 'Pediatrics'),
(5, 'Devlin', 'Spurgin', '322-499-8678', 'dspurgin4@shinystat.com', 'Gastroenterology'),
(6, 'Northrop', 'Riccetti', '110-417-7473', 'nriccetti5@discuz.net', 'Oncology'),
(7, 'Jesselyn', 'Yockley', '574-953-2244', 'jyockley6@discovery.com', 'Endocrinology'),
(8, 'Eleen', 'McNay', '408-893-9584', 'emcnay7@guardian.co.uk', 'Dermatology'),
(9, 'Hall', 'Quail', '721-187-5986', 'hquail8@state.tx.us', 'Psychiatry'),
(10, 'Pavla', 'Bottle', '608-160-7518', 'pbottle9@washingtonpost.com', 'Rheumatology'),
(11, 'Gregory', 'Pilch', '214-365-6248', 'gpilcha@amazon.co.jp', 'Cardiology'),
(12, 'Fletch', 'Litt', '435-573-1213', 'flittb@infoseek.co.jp', 'Neurology'),
(13, 'Amalea', 'Cuvley', '801-419-6717', 'acuvleyc@apache.org', 'Orthopedics'),
(14, 'Maude', 'Spight', '874-160-9110', 'mspightd@networkadvertising.org', 'Pediatrics'),
(15, 'Bernie', 'Mose', '742-187-5435', 'bmosee@goo.gl', 'Gastroenterology');

INSERT INTO appointment (appointment_id, patient_id, doctor_id, appointment_date, appointment_time, purpose_of_visit) VALUES
(1, 1, 1, '2024-10-03', '09:15:00', 'Blood Pressure Medication'),
(2, 2, 5, '2024-09-21', '11:30:00', 'Gastroenterology Consultation'),
(3, 3, 13, '2024-10-15', '14:45:00', 'Orthopedic Treatment'),
(4, 4, 7, '2024-09-28', '08:00:00', 'Routine Pediatric Checkup'),
(5, 5, 15, '2024-10-10', '10:00:00', 'Pain Management'),
(6, 6, 3, '2024-09-30', '13:15:00', 'Orthopedic Surgery'),
(7, 7, 10, '2024-10-12', '16:30:00', 'Rheumatoid Arthritis Treatment'),
(8, 8, 11, '2024-09-22', '09:00:00', 'Asthma Inhaler Prescription'),
(9, 9, 6, '2024-10-07', '11:00:00', 'Chemotherapy Consultation'),
(10, 10, 14, '2024-10-02', '12:45:00', 'Pediatric Care'),
(11, 11, 8, '2024-09-29', '15:00:00', 'Topical Treatment for Skin Rash'),
(12, 12, 4, '2024-10-04', '08:30:00', 'Routine Pediatric Checkup'),
(13, 13, 12, '2024-09-25', '10:15:00', 'Orthopedic Evaluation'),
(14, 14, 9, '2024-10-08', '13:30:00', 'Psychiatric Counseling'),
(15, 15, 2, '2024-09-26', '14:00:00', 'Blood Pressure Management'),
(16, 16, 5, '2024-10-14', '09:45:00', 'Gastroenterology Follow-Up'),
(17, 17, 15, '2024-10-11', '12:30:00', 'Pain Management Consultation'),
(18, 18, 13, '2024-10-01', '10:00:00', 'Orthopedic Checkup'),
(19, 19, 7, '2024-10-13', '15:15:00', 'Endocrinology Consultation'),
(20, 20, 1, '2024-09-24', '11:45:00', 'Cardiology Follow-Up'),
(21, 21, 8, '2024-10-09', '09:30:00', 'Dermatology Checkup'),
(22, 22, 11, '2024-10-06', '14:15:00', 'Asthma Follow-Up'),
(23, 23, 14, '2024-09-27', '12:00:00', 'Pediatric Consultation'),
(24, 24, 10, '2024-10-05', '16:00:00', 'Rheumatology Follow-Up'),
(25, 25, 6, '2024-10-15', '08:45:00', 'Oncology Consultation'),
(26, 26, 4, '2024-09-20', '13:00:00', 'Routine Pediatric Checkup'),
(27, 27, 12, '2024-10-03', '15:30:00', 'Orthopedic Review'),
(28, 28, 15, '2024-09-23', '09:00:00', 'Pain Management Follow-Up'),
(29, 29, 5, '2024-10-12', '11:15:00', 'Gastroenterology Follow-Up'),
(30, 30, 3, '2024-10-07', '14:30:00', 'Orthopedic Consultation');

INSERT INTO medical_record (record_id, patient_id, doctor_id, record_date, diagnosis, treatment) VALUES
(1, 1, 1, '2024-10-03', 'Hypertension', 'Blood Pressure Medication'),
(2, 2, 5, '2024-09-21', 'Gastroesophageal Reflux Disease (GERD)', 'Gastroenterology Consultation'),
(3, 3, 13, '2024-10-15', 'Fractured Femur', 'Orthopedic Treatment'),
(4, 4, 7, '2024-09-28', 'Routine Pediatric Health Check', 'Routine Pediatric Checkup'),
(5, 5, 15, '2024-10-10', 'Chronic Pain Syndrome', 'Pain Management'),
(6, 6, 3, '2024-09-30', 'Knee Ligament Injury', 'Orthopedic Surgery'),
(7, 7, 10, '2024-10-12', 'Rheumatoid Arthritis', 'Rheumatoid Arthritis Treatment'),
(8, 8, 11, '2024-09-22', 'Eczema', 'Topical Treatment for Skin Rash'),
(9, 9, 6, '2024-10-07', 'Stage II Lung Cancer', 'Chemotherapy Consultation'),
(10, 10, 14, '2024-10-02', 'Routine Pediatric Health Check', 'Pediatric Care'),
(11, 11, 8, '2024-09-29', 'Asthma', 'Topical Treatment for Skin Rash'),
(12, 12, 4, '2024-10-04', 'Routine Pediatric Health Check', 'Routine Pediatric Checkup'),
(13, 13, 12, '2024-09-25', 'Stress Fracture', 'Orthopedic Evaluation'),
(14, 14, 9, '2024-10-08', 'General Anxiety Disorder', 'Psychiatric Counseling'),
(15, 15, 2, '2024-09-26', 'Hypertension', 'Blood Pressure Management'),
(16, 16, 5, '2024-10-14', 'Gastroesophageal Reflux Disease (GERD)', 'Gastroenterology Follow-Up'),
(17, 17, 15, '2024-10-11', 'Chronic Pain Syndrome', 'Pain Management Consultation'),
(18, 18, 13, '2024-10-01', 'Fractured Femur', 'Orthopedic Checkup'),
(19, 19, 7, '2024-10-13', 'Diabetes Mellitus', 'Endocrinology Consultation'),
(20, 20, 1, '2024-09-24', 'Hypertension', 'Cardiology Follow-Up'),
(21, 21, 8, '2024-10-09', 'Psoriasis', 'Dermatology Checkup'),
(22, 22, 11, '2024-10-06', 'Asthma', 'Asthma Follow-Up'),
(23, 23, 14, '2024-09-27', 'Routine Pediatric Health Check', 'Pediatric Consultation'),
(24, 24, 10, '2024-10-05', 'Rheumatoid Arthritis', 'Rheumatology Follow-Up'),
(25, 25, 6, '2024-10-15', 'Cancer Care', 'Oncology Consultation'),
(26, 26, 4, '2024-09-20', 'Routine Pediatric Health Check', 'Routine Pediatric Checkup'),
(27, 27, 12, '2024-10-03', 'Stress Fracture', 'Orthopedic Review'),
(28, 28, 15, '2024-09-23', 'Chronic Pain Syndrome', 'Pain Management Follow-Up'),
(29, 29, 5, '2024-10-12', 'Gastroesophageal Reflux Disease (GERD)', 'Gastroenterology Follow-Up'),
(30, 30, 3, '2024-10-07', 'Knee Ligament Injury', 'Orthopedic Consultation');

INSERT INTO prescription (prescription_id, record_id, medication, dosage, frequency) VALUES
(1, 1, 'Lisinopril', '10 mg', 'Once daily'),
(2, 2, 'Omeprazole', '20 mg', 'Once daily'),
(3, 3, 'Ibuprofen', '400 mg', 'Every 8 hours as needed'),
(4, 4, 'Multivitamins', 'Daily dose', 'Once daily'),
(5, 5, 'Oxycodone', '5 mg', 'Every 6 hours as needed'),
(6, 6, 'Celecoxib', '200 mg', 'Once daily'),
(7, 7, 'Methotrexate', '15 mg', 'Once weekly'),
(8, 8, 'Hydrocortisone Cream', '1%', 'Apply twice daily'),
(9, 9, 'Carboplatin', '500 mg', 'Every 3 weeks'),
(10, 10, 'Multivitamins', 'Daily dose', 'Once daily'),
(11, 11, 'Albuterol', '90 mcg', 'As needed'),
(12, 12, 'Multivitamins', 'Daily dose', 'Once daily'),
(13, 13, 'Acetaminophen', '500 mg', 'Every 6 hours as needed'),
(14, 14, 'Sertraline', '50 mg', 'Once daily'),
(15, 15, 'Lisinopril', '10 mg', 'Once daily'),
(16, 16, 'Omeprazole', '20 mg', 'Once daily'),
(17, 17, 'Oxycodone', '5 mg', 'Every 6 hours as needed'),
(18, 18, 'Ibuprofen', '400 mg', 'Every 8 hours as needed'),
(19, 19, 'Metformin', '500 mg', 'Twice daily'),
(20, 20, 'Lisinopril', '10 mg', 'Once daily'),
(21, 21, 'Calcipotriene', '0.005%', 'Apply twice daily'),
(22, 22, 'Albuterol', '90 mcg', 'As needed'),
(23, 23, 'Multivitamins', 'Daily dose', 'Once daily'),
(24, 24, 'Methotrexate', '15 mg', 'Once weekly'),
(25, 25, 'Paclitaxel', '175 mg', 'Every 3 weeks'),
(26, 26, 'Multivitamins', 'Daily dose', 'Once daily'),
(27, 27, 'Acetaminophen', '500 mg', 'Every 6 hours as needed'),
(28, 28, 'Oxycodone', '5 mg', 'Every 6 hours as needed'),
(29, 29, 'Omeprazole', '20 mg', 'Once daily'),
(30, 30, 'Celecoxib', '200 mg', 'Once daily');

INSERT INTO billing (billing_id, patient_id, amount, billing_date, payment_status) VALUES
(1, 1, '$1200', '2024-10-03', 'Paid'),
(2, 2, '$150', '2024-09-21', 'Unpaid'),
(3, 3, '$200', '2024-10-15', 'Paid'),
(4, 4, '$300', '2024-09-28', 'Paid'),
(5, 5, '$450', '2024-10-10', 'Unpaid'),
(6, 6, '$700', '2024-09-30', 'Paid'),
(7, 7, '$1000', '2024-10-12', 'Pending'),
(8, 8, '$250', '2024-09-22', 'Paid'),
(9, 9, '$1800', '2024-10-07', 'Unpaid'),
(10, 10, '$1300', '2024-10-02', 'Paid'),
(11, 11, '$500', '2024-09-29', 'Pending'),
(12, 12, '$400', '2024-10-04', 'Paid'),
(13, 13, '$160', '2024-09-25', 'Paid'),
(14, 14, '$900', '2024-10-08', 'Unpaid'),
(15, 15, '$1200', '2024-09-26', 'Paid'),
(16, 16, '$700', '2024-10-14', 'Paid'),
(17, 17, '$1100', '2024-10-11', 'Pending'),
(18, 18, '$200', '2024-10-01', 'Unpaid'),
(19, 19, '$650', '2024-10-13', 'Paid'),
(20, 20, '$800', '2024-09-24', 'Paid'),
(21, 21, '$450', '2024-10-09', 'Unpaid'),
(22, 22, '$550', '2024-10-06', 'Paid'),
(23, 23, '$1200', '2024-09-27', 'Pending'),
(24, 24, '$350', '2024-10-05', 'Paid'),
(25, 25, '$1750', '2024-10-15', 'Unpaid'),
(26, 26, '$400', '2024-09-20', 'Paid'),
(27, 27, '$250', '2024-10-03', 'Paid'),
(28, 28, '$1400', '2024-09-23', 'Unpaid'),
(29, 29, '$300', '2024-10-12', 'Paid'),
(30, 30, '$900', '2024-10-07', 'Pending');